{"cameraMode":{"drawMode":0,"name":"Shaded","section":"Shading Mode"},"sceneLighting":true,"audioPlay":false,"sceneViewState":{"m_AlwaysRefresh":false,"showFog":true,"showSkybox":true,"showFlares":true,"showImageEffects":true,"showParticleSystems":true,"showVisualEffectGraphs":true,"m_FxEnabled":true},"in2DMode":false,"pivot":{"x":0.17078852653503419,"y":1.087561845779419,"z":-0.4548279047012329},"rotation":{"x":-0.3235706388950348,"y":0.20414386689662934,"z":-0.07171070575714112,"w":-0.9211333394050598},"size":0.905475914478302,"orthographic":false}